Query,LSTM Response,GPT-2 Response
How can I reset my password?,you can your your in in settings,How can I reset my password?
My order is delayed.,you can your your in in settings,"Please note: no new orders have been added to my order and the items will be shipped by USPS.
This item is from the local area of"
How do I update my payment method?,you can your your in in settings,I've done this for about 10 years now and I'm pleased to announce that I have added the new payment method to my Payment Method. My payment
The app is crashing.,you can your your in in settings,"No support for other apps.
The app will only work on your computer, and will only work on your computer."
Can I export my data?,you can your your in in settings,"No
We can export the data if you want.
You can export it using the following command:
export data = export data ; export data"
